Individual,Dataset,Gender,Age,Smoking,AGER,RASIP1,CA4,CAV1,Disease Status,Histology,Disease Stage,Stage
GSM1213677,GSE50081,Female,44.21,Non-smoking,-0.597680558,-0.716999062,0.021588481,-0.241062448,ZNSCLC,ADC,1,Early
GSM1213680,GSE50081,Female,59.01,Ex-smoker,-0.405958632,-0.334004897,-0.677297748,-0.715194309,ZNSCLC,ADC,1,Early
GSM1213684,GSE50081,Female,73.26,Ex-smoker,-0.515647295,3.003903905,-0.33014697,0.281733511,ZNSCLC,SCC,2,Early
GSM1213688,GSE50081,Male,73.23,Ex-smoker,0.366424196,-1.215823286,-0.293379195,-0.471305968,ZNSCLC,ADC,1,Early
GSM1213692,GSE50081,Female,55.39,Non-smoking,1.623496953,-0.560853973,0.763336806,0.70316056,ZNSCLC,ADC,1,Early
GSM1213700,GSE50081,Female,73.93,Non-smoking,-0.927871157,-1.821475369,-0.500607058,-0.931778272,ZNSCLC,ADC,1,Early
GSM1213704,GSE50081,Male,61.59,Non-smoking,-0.475825931,-0.799681653,-0.158877272,-0.919755384,ZNSCLC,ADC,2,Early
GSM1213708,GSE50081,Male,63.1,Ex-smoker,-0.835003886,-0.94690419,-0.256286415,0.164497337,ZNSCLC,SCC,2,Early
GSM1213710,GSE50081,Male,67.56,Current,-0.492276564,0.422685901,-0.186664927,-0.144047249,ZNSCLC,ADC,2,Early
GSM1213717,GSE50081,Male,63.41,Ex-smoker,0.134080299,0.949813673,0.771812964,0.299342204,ZNSCLC,ADC,1,Early
GSM1213722,GSE50081,Female,68.87,Current,-0.487184124,1.505230648,-0.278753087,0.135180872,ZNSCLC,ADC,1,Early
GSM1213727,GSE50081,Male,49.24,Current,0.231032888,0.280517888,0.848154779,0.262852534,ZNSCLC,ADC,2,Early
GSM1213729,GSE50081,Male,69.7,Ex-smoker,-0.370587773,-1.214683984,-0.135754186,0.452886935,ZNSCLC,SCC,1,Early
GSM1213733,GSE50081,Male,78.13,Current,1.332718463,-0.151783675,0.616567862,0.56544066,ZNSCLC,ADC,1,Early
GSM1213734,GSE50081,Female,71.23,Ex-smoker,0.461544639,-0.156490502,-0.575761063,0.064669092,ZNSCLC,ADC,2,Early
GSM1213735,GSE50081,Female,68.14,Ex-smoker,-0.594048592,0.947892195,-0.673188021,-0.780015442,ZNSCLC,ADC,1,Early
GSM1213736,GSE50081,Female,54.09,Ex-smoker,-0.884944294,0.210271615,-0.537673487,0.572809396,ZNSCLC,ADC,1,Early
GSM1213738,GSE50081,Male,63.5,Current,0.190045221,-0.307461032,1.279178717,0.027864183,ZNSCLC,ADC,2,Early
GSM1213739,GSE50081,Female,74.91,Ex-smoker,0.520945369,-0.103311418,-0.623252269,-0.63685705,ZNSCLC,ADC,1,Early
GSM1213741,GSE50081,Male,80.61,Non-smoking,-0.635760107,0.205887553,-0.769760222,0.403523942,ZNSCLC,ADC,1,Early
GSM1213742,GSE50081,Male,80.76,Ex-smoker,-0.453414916,0.362087309,-0.441955672,-0.369165453,ZNSCLC,ADC,2,Early
GSM1213745,GSE50081,Male,63.21,Current,0.003588589,0.048385927,0.563365725,1.120870234,ZNSCLC,ADC,2,Early
GSM1213749,GSE50081,Male,78.26,Non-smoking,-0.584222455,0.315341386,-0.754074883,0.545183522,ZNSCLC,ADC,1,Early
GSM1213750,GSE50081,Male,50.12,Current,-0.338881934,-0.386354636,-0.15506783,-0.945562188,ZNSCLC,ADC,2,Early
GSM1213766,GSE50081,Male,87.11,Current,-0.205582461,-1.134660599,-1.047927019,-1.586441681,ZNSCLC,SCC,1,Early
GSM1213769,GSE50081,Female,57.75,Ex-smoker,0.329910538,0.995765903,-0.022599449,0.036112708,ZNSCLC,ADC,1,Early
GSM1213770,GSE50081,Male,68.59,Ex-smoker,-0.149301867,0.278150331,-0.353993685,0.151219473,ZNSCLC,ADC,2,Early
GSM1213771,GSE50081,Female,83.87,Ex-smoker,-0.23080381,-0.122114677,0.29554228,0.647660883,ZNSCLC,SCC,2,Early
GSM1213788,GSE50081,Male,80.54,Ex-smoker,-0.938328479,0.463202663,-0.779236069,-0.173391207,ZNSCLC,ADC,2,Early
GSM1213792,GSE50081,Female,79.62,Ex-smoker,-0.303534375,-0.051137686,0.019629042,-0.86429652,ZNSCLC,ADC,1,Early
GSM1213797,GSE50081,Male,70.91,Current,-0.760379029,-0.050191892,-0.976051857,1.014441965,ZNSCLC,ADC,1,Early
GSM1213798,GSE50081,Male,75.03,Ex-smoker,-0.265954779,0.665221838,1.068017245,-0.491561951,ZNSCLC,ADC,1,Early
GSM1213799,GSE50081,Female,54.73,Current,0.576933309,-0.939248164,0.135920349,-1.319780312,ZNSCLC,LCC,1,Early
GSM1213811,GSE50081,Male,62.68,Ex-smoker,-0.422987977,-1.357641931,-0.7203909,-0.747360674,ZNSCLC,ADC,2,Early
GSM1213825,GSE50081,Female,64.13,Ex-smoker,4.88167264,2.061108041,5.387604927,2.095923668,ZNSCLC,ADC,1,Early
GSM1213841,GSE50081,Male,73.45,Current,-0.363785886,0.188175972,0.437108396,1.400245161,ZNSCLC,SCC,2,Early
GSM1213846,GSE50081,Male,75.58,Current,1.924386003,1.079973572,0.394570032,1.446570266,ZNSCLC,ADC,1,Early
GSM1213849,GSE50081,Female,60.08,Current,1.530522547,-0.289710609,1.46817163,0.696936015,ZNSCLC,ADC,1,Early
GSM494556,GSE33356,Female,55,Non-smoking,-0.496059413,-1.274647004,-0.982678187,-0.684107619,ZNSCLC,ADC,1,Early
GSM494559,GSE33356,Female,55,Non-smoking,-1.189327782,-1.252545938,-0.94281572,-1.15178868,ZNSCLC,ADC,2,Early
GSM494562,GSE33356,Female,57,Non-smoking,-1.329101648,-1.663954902,-1.00614746,-0.235906558,ZNSCLC,ADC,3,Late
GSM494563,GSE33356,Female,61,Non-smoking,-1.297335513,-1.236365042,-1.123303215,-0.58434058,ZNSCLC,ADC,1,Early
GSM494583,GSE33356,Female,53,Non-smoking,-0.800594063,-1.071727825,-1.222554989,-0.862606483,ZNSCLC,ADC,1,Early
GSM494585,GSE33356,Female,64,Non-smoking,-1.234053972,-1.065757071,-0.786814441,-1.725368515,ZNSCLC,ADC,2,Early
GSM494594,GSE33356,Female,39,Non-smoking,-0.129801936,-0.481622821,-0.59085197,-0.624745043,ZNSCLC,ADC,1,Early
GSM494598,GSE33356,Female,51,Non-smoking,-1.436794247,-1.271230988,-1.041762328,-1.954105248,ZNSCLC,ADC,3,Late
GSM494607,GSE33356,Female,68,Non-smoking,-0.380301262,-0.86662903,-0.876747193,-0.465650773,ZNSCLC,ADC,1,Early
GSM494608,GSE33356,Female,73,Non-smoking,-0.12909517,-0.757585263,-0.615400922,0.232034344,ZNSCLC,ADC,1,Early
GSM494611,GSE33356,Female,64,Non-smoking,-1.061923638,-1.661492837,-1.024332881,-1.929492969,ZNSCLC,ADC,3,Late
GSM773541,GSE31210,Female,38,Current,0.10140488,-0.642227457,-0.332064125,-1.007300597,ZNSCLC,ADC,2,Early
GSM773550,GSE31210,Female,34,Current,-0.893539542,-1.108303498,-0.280182516,-1.037813148,ZNSCLC,ADC,1,Early
GSM773555,GSE31210,Male,61,Current,-0.901704626,-0.962026781,-0.547085557,-1.988371316,ZNSCLC,ADC,1,Early
GSM773559,GSE31210,Male,64,Current,-0.906801551,-0.986034625,-0.322471137,-0.141186574,ZNSCLC,ADC,2,Early
GSM773570,GSE31210,Female,70,Non-smoking,-0.466282257,-0.104494742,-0.530933969,0.128585174,ZNSCLC,ADC,1,Early
GSM773572,GSE31210,Male,58,Current,-0.371434531,-0.193715799,-0.651538367,-0.208090772,ZNSCLC,ADC,2,Early
GSM773577,GSE31210,Female,69,Non-smoking,-0.239329264,0.327640074,-0.908437249,-0.297746163,ZNSCLC,ADC,2,Early
GSM773585,GSE31210,Female,68,Non-smoking,-0.166466102,-0.080856776,-0.551484404,-0.145202708,ZNSCLC,ADC,1,Early
GSM773592,GSE31210,Female,66,Non-smoking,-1.118012993,-0.441872267,-0.473495118,-1.507103211,ZNSCLC,ADC,1,Early
GSM773593,GSE31210,Female,47,Non-smoking,-0.463197345,-0.518036367,-0.440013693,-0.540271653,ZNSCLC,ADC,1,Early
GSM773594,GSE31210,Male,64,Non-smoking,-0.396537867,1.297172986,-0.444560712,0.49405144,ZNSCLC,ADC,1,Early
GSM773603,GSE31210,Male,60,Current,-0.976804042,0.866906377,-0.425395065,-1.553673386,ZNSCLC,ADC,2,Early
GSM773604,GSE31210,Male,46,Current,-0.91808396,-1.206545264,-0.453993965,-2.044751617,ZNSCLC,ADC,2,Early
GSM773608,GSE31210,Female,64,Non-smoking,-0.872251174,1.203978061,-0.347455459,1.229859244,ZNSCLC,ADC,1,Early
GSM773618,GSE31210,Male,56,Non-smoking,1.139022943,-0.0230845,0.236126381,0.927907572,ZNSCLC,ADC,1,Early
GSM773622,GSE31210,Male,57,Non-smoking,2.646729863,2.960826194,2.926625646,2.075364356,ZNSCLC,ADC,1,Early
GSM773624,GSE31210,Female,66,Non-smoking,-0.002480078,0.318782838,0.30858961,0.750750039,ZNSCLC,ADC,1,Early
GSM773626,GSE31210,Male,57,Non-smoking,0.370723756,0.66398875,-0.248138585,0.642131569,ZNSCLC,ADC,1,Early
GSM773629,GSE31210,Male,60,Current,-0.455888545,1.05836792,-0.022626891,0.440380805,ZNSCLC,ADC,1,Early
GSM773630,GSE31210,Male,59,Current,-1.00966807,-0.006267267,-0.783966372,-2.341383038,ZNSCLC,ADC,1,Early
GSM773638,GSE31210,Female,65,Non-smoking,-0.734177353,1.598409192,-0.4286034,0.942802742,ZNSCLC,ADC,1,Early
GSM773647,GSE31210,Male,49,Current,-0.840977816,-1.269568553,-0.569256872,-1.696791362,ZNSCLC,ADC,2,Early
GSM773648,GSE31210,Male,61,Current,-1.037400177,-0.820167027,-0.75438685,-1.565747501,ZNSCLC,ADC,2,Early
GSM773654,GSE31210,Female,61,Non-smoking,-0.36053176,-0.22702132,-0.608160741,-1.313560411,ZNSCLC,ADC,1,Early
GSM773656,GSE31210,Female,53,Non-smoking,-0.642500649,1.396818232,-0.570629158,0.721613018,ZNSCLC,ADC,1,Early
GSM773666,GSE31210,Female,62,Non-smoking,0.803309362,0.207327827,0.897363461,0.671602068,ZNSCLC,ADC,1,Early
GSM773671,GSE31210,Female,64,Non-smoking,-0.705572828,0.155768531,-0.778131699,-0.310817278,ZNSCLC,ADC,2,Early
GSM773680,GSE31210,Male,68,Current,-0.522782469,-0.508632108,-0.186387523,-1.0053925,ZNSCLC,ADC,1,Early
GSM773683,GSE31210,Female,64,Non-smoking,-0.962634476,-1.442194002,-0.318797197,-0.246292403,ZNSCLC,ADC,1,Early
GSM773684,GSE31210,Male,58,Current,0.390448563,-0.312614312,-0.090569503,0.346828012,ZNSCLC,ADC,1,Early
GSM773686,GSE31210,Female,66,Non-smoking,-0.739925495,0.479552026,-0.722396669,0.668160163,ZNSCLC,ADC,1,Early
GSM773699,GSE31210,Female,61,Current,1.219695708,-0.168550107,0.412325201,1.045844319,ZNSCLC,ADC,1,Early
GSM773701,GSE31210,Female,64,Non-smoking,2.01064283,1.569611066,1.901453258,2.021473571,ZNSCLC,ADC,1,Early
GSM773710,GSE31210,Female,61,Non-smoking,0.21872693,-0.747842196,-0.80047014,0.097119846,ZNSCLC,ADC,1,Early
GSM773713,GSE31210,Female,65,Non-smoking,0.044307148,0.008202178,0.069341504,0.049954985,ZNSCLC,ADC,1,Early
GSM773719,GSE31210,Male,56,Current,-0.166206831,0.263740288,-0.312295579,0.315878974,ZNSCLC,ADC,1,Early
GSM773722,GSE31210,Female,58,Non-smoking,-0.485550034,-1.030261414,-0.466588853,-1.025325326,ZNSCLC,ADC,1,Early
GSM773726,GSE31210,Female,57,Current,-0.174889628,-0.695075284,-0.729213428,0.20462779,ZNSCLC,ADC,1,Early
GSM773732,GSE31210,Female,53,Non-smoking,1.120703315,-0.423848166,-0.259877987,0.533408687,ZNSCLC,ADC,1,Early
GSM773733,GSE31210,Female,53,Non-smoking,0.548893646,0.275611641,0.254491294,0.750420797,ZNSCLC,ADC,1,Early
GSM773737,GSE31210,Male,35,Current,0.993336077,1.46915573,1.248620716,1.310293403,ZNSCLC,ADC,1,Early
GSM773746,GSE31210,Female,52,Current,0.783643361,0.035921575,0.646634388,0.531854948,ZNSCLC,ADC,1,Early
GSM773747,GSE31210,Female,60,Non-smoking,-0.947965706,-0.86848225,-0.702717358,-0.841440166,ZNSCLC,ADC,1,Early
GSM773753,GSE31210,Female,62,Non-smoking,0.408377962,-0.427664504,0.193020018,0.247700063,ZNSCLC,ADC,1,Early
GSM773754,GSE31210,Male,50,Current,0.455473782,-0.064797567,0.196298854,-0.052586793,ZNSCLC,ADC,1,Early
GSM773764,GSE31210,Male,49,Current,-0.31054068,-1.048549531,-0.291832139,-0.449679937,ZNSCLC,ADC,1,Early
